DEPARTAMENTO,PROVINCIA,AREA,POBLACION
Departamento Antártida Argentina,"Bandera de Provincia de Tierra del Fuego, Antártida e Islas del Atlántico Sur Tierra del Fuego",965 597,1906​
Departamento Deseado,Bandera de la provincia de Santa Cruz Santa Cruz,63 784,107 630
Departamento Malargüe,Bandera de Provincia de Mendoza Mendoza,41 317,28 887
Departamento Lago Argentino,Bandera de la provincia de Santa Cruz Santa Cruz,37 292,18 864
Departamento Río Chico,Bandera de la provincia de Santa Cruz Santa Cruz,34 262,5158
Departamento Güer Aike,Bandera de la provincia de Santa Cruz Santa Cruz,33 841,113 267
Departamento San Rafael,Bandera de Provincia de Mendoza Mendoza,31 235,191 323
Departamento Lago Buenos Aires,Bandera de la provincia de Santa Cruz Santa Cruz,28 609,8750
Departamento Antofagasta de la Sierra,Bandera de Provincia de Catamarca Catamarca,28 097,1436
Departamento Veinticinco de Mayo,Bandera de la provincia de Río Negro Río Negro,27 106,15 743
Departamento Corpen Aike,Bandera de la provincia de Santa Cruz Santa Cruz,26 350,11 093
Departamento Rivadavia,Bandera de Provincia de Salta Salta,25 951,30 357
Departamento Los Andes,Bandera de Provincia de Salta Salta,25 636,6050
Departamento Nueve de Julio,Bandera de la provincia de Río Negro Río Negro,25 597,3475
Departamento General Güemes,Bandera de Provincia del Chaco Chaco,25 487,67 601
Departamento Patiño,Bandera de Provincia de Formosa Formosa,24 502,68 581
Departamento Tinogasta,Bandera de Provincia de Catamarca Catamarca,23 852,22 360
Departamento Calingasta,Bandera de Provincia de San Juan San Juan,22 589,8588
Departamento El Cuy,Bandera de la provincia de Río Negro Río Negro,22 475,5280
Departamento Río Senguer,Bandera de Provincia del Chubut Chubut,22 335,5979
Departamento Paso de Indios,Bandera de Provincia del Chubut Chubut,22 300,1867
Departamento Anta,Bandera de Provincia de Salta Salta,21 945,57 411
Departamento Vera,Bandera de Provincia de Santa Fe Santa Fe,21 096,51 125
Departamento Valcheta,Bandera de la provincia de Río Negro Río Negro,20 457,7101
Departamento Avellaneda,Bandera de la provincia de Río Negro Río Negro,20 379,35 323
Departamento Telsen,Bandera de Provincia del Chubut Chubut,19 893,1644
Departamento Magallanes,Bandera de la provincia de Santa Cruz Santa Cruz,19 805,29 202
Departamento Iglesia,Bandera de Provincia de San Juan San Juan,19 801,9099
Departamento Gobernador Dupuy,Bandera de Provincia de San Luis San Luis,19 632,11 532
Departamento Río Cuarto,Bandera de Provincia de Córdoba (Argentina) Córdoba,18 394,246 393
Departamento Almirante Brown,Bandera de Provincia del Chaco Chaco,17 276,33 856
Departamento Islas del Atlántico Sur,"Bandera de Provincia de Tierra del Fuego, Antártida e Islas del Atlántico Sur Tierra del Fuego",16 955,177​8​
Departamento 9 de Julio,Bandera de Provincia de Santa Fe Santa Fe,16 870,29 810
Departamento Gastre,Bandera de Provincia del Chubut Chubut,16 335,1427
Departamento General José de San Martín,Bandera de Provincia de Salta Salta,16 257,156 910
Departamento Cushamen,Bandera de Provincia del Chubut Chubut,16 250,20 919
Departamento Moreno,Bandera de Provincia de Santiago del Estero Santiago del Estero,16 127,32 130
Departamento Florentino Ameghino,Bandera de Provincia del Chubut Chubut,16 088,1627
Departamento Mártires,Bandera de Provincia del Chubut Chubut,15 445,778
Departamento Languiñeo,Bandera de Provincia del Chubut Chubut,15 339,3085
Departamento General Pedernera,Bandera de Provincia de San Luis San Luis,15 057,125 470
Departamento San Cristóbal,Bandera de Provincia de Santa Fe Santa Fe,14 850,66 623
Departamento Tehuelches,Bandera de Provincia del Chubut Chubut,14 750,5390
Departamento Jáchal,Bandera de Provincia de San Juan San Juan,14 749,21 730
Departamento General Roca,Bandera de la provincia de Río Negro Río Negro,14 655,320 921
Departamento Sarmiento,Bandera de Provincia del Chubut Chubut,14 563,11 396
Departamento General Alvear,Bandera de Provincia de Mendoza Mendoza,14 448,46 156
Departamento Pichi Mahuida,Bandera de la provincia de Río Negro Río Negro,14 026,14 107
Departamento Escalante,Bandera de Provincia del Chubut Chubut,14 015,186 583
Departamento San Antonio,Bandera de la provincia de Río Negro Río Negro,14 015,29 284
Departamento San Justo,Bandera de Provincia de Córdoba (Argentina) Córdoba,13 677,206 307
Departamento Capital,Bandera de Provincia de La Rioja (Argentina) La Rioja,13 638,180 995
Partido de Patagones,Bandera de Provincia de Buenos Aires Buenos Aires,13 600,30 207
Departamento Alberdi,Bandera de Provincia de Santiago del Estero Santiago del Estero,13 507,17 252
Departamento Puelén,Bandera de la provincia de La Pampa La Pampa,13 160,9468
Departamento Curacó,Bandera de la provincia de La Pampa La Pampa,13 125,1040
Departamento Juan Martín de Pueyrredón,Bandera de Provincia de San Luis San Luis,13 120,204 512
Departamento Utracán,Bandera de la provincia de La Pampa La Pampa,12 967,14 839
Departamento Belén,Bandera de Provincia de Catamarca Catamarca,12 945,27 843
Departamento Biedma,Bandera de Provincia del Chubut Chubut,12 940,82 883
Departamento Bermejo,Bandera de Provincia de Formosa Formosa,12 850,14 046
Departamento General Roca,Bandera de Provincia de Córdoba (Argentina) Córdoba,12 659,35 645
Departamento Copo,Bandera de Provincia de Santiago del Estero Santiago del Estero,12 604,31 404
Departamento Lihuel Calel,Bandera de la provincia de La Pampa La Pampa,12 460,439
Departamento Río Grande,"Bandera de Provincia de Tierra del Fuego, Antártida e Islas del Atlántico Sur Tierra del Fuego",12 181,70 042
Departamento Añelo,Bandera de Provincia del Neuquén Neuquén,12 036,10 786
Departamento Orán,Bandera de Provincia de Salta Salta,11 892,138 838
Departamento San Carlos,Bandera de Provincia de Mendoza Mendoza,11 578,32 683
Departamento General López,Bandera de Provincia de Santa Fe Santa Fe,11 558,195 043
Partido de Villarino,Bandera de Provincia de Buenos Aires Buenos Aires,11 400,31 014
Departamento Unión,Bandera de Provincia de Córdoba (Argentina) Córdoba,11 182,105 727
Departamento Gaiman,Bandera de Provincia del Chubut Chubut,11 076,11 141
Departamento General Obligado,Bandera de Provincia de Santa Fe Santa Fe,10 928,178 711
Departamento Pilcaniyeu,Bandera de la provincia de Río Negro Río Negro,10 545,7428
Departamento Vinchina*,Bandera de Provincia de La Rioja (Argentina) La Rioja,10 334,2731
Departamento Lavalle,Bandera de Provincia de Mendoza Mendoza,10 212,35 895
Departamento Tulumba,Bandera de Provincia de Córdoba (Argentina) Córdoba,10 164,12 673
Departamento Limay Mahuida,Bandera de la provincia de La Pampa La Pampa,9985,503
Departamento Conesa,Bandera de la provincia de Río Negro Río Negro,9765,7069
Departamento Ayacucho,Bandera de Provincia de San Luis San Luis,9681,18 927
Departamento Mercedes,Bandera de Provincia de Corrientes Corrientes,9588,47 426
Departamento Marcos Juárez,Bandera de Provincia de Córdoba (Argentina) Córdoba,9490,104 205
Departamento Futaleufú,Bandera de Provincia del Chubut Chubut,9435,43 076
Departamento Ushuaia,"Bandera de Provincia de Tierra del Fuego, Antártida e Islas del Atlántico Sur Tierra del Fuego",9390,56 956
Departamento Loventué,Bandera de la provincia de La Pampa La Pampa,9235,8619
Departamento de Susques,Bandera de Provincia de Jujuy Jujuy,9199,3791
Departamento Coronel Felipe Varela,Bandera de Provincia de La Rioja (Argentina) La Rioja,9184,9648
Departamento Chical Co,Bandera de la provincia de La Pampa La Pampa,9117,1502
Departamento Juan Felipe Ibarra,Bandera de Provincia de Santiago del Estero Santiago del Estero,9139,18 051
Departamento Caleu Caleu,Bandera de la provincia de La Pampa La Pampa,9078,2313
Departamento Las Heras,Bandera de Provincia de Mendoza Mendoza,8955,203 507
Departamento Chalileo,Bandera de la provincia de La Pampa La Pampa,8917,2985
Departamento Curuzú Cuatiá,Bandera de Provincia de Corrientes Corrientes,8911,44 071
Departamento Juárez Celman,Bandera de Provincia de Córdoba (Argentina) Córdoba,8902,61 078
Departamento Adolfo Alsina,Bandera de la provincia de Río Negro Río Negro,8813,57 678
Departamento Ituzaingó,Bandera de Provincia de Corrientes Corrientes,8613,31 102
Departamento Santa Rosa,Bandera de Provincia de Mendoza Mendoza,8510,16 099
Departamento Pirané,Bandera de Provincia de Formosa Formosa,8425,64 566
Departamento Ñorquincó,Bandera de la provincia de Río Negro Río Negro,8413,1736
Departamento Pehuenches,Bandera de Provincia del Neuquén Neuquén,8363,24 087
Departamento Presidente Roque Sáenz Peña,Bandera de Provincia de Córdoba (Argentina) Córdoba,8228,36 282
Departamento La Paz,Bandera de Provincia de Catamarca Catamarca,8149,22 638
Departamento de Cochinoca,Bandera de Provincia de Jujuy Jujuy,7837,12 656
Departamento Libertador General San Martín,Bandera de Provincia del Chaco Chaco,7800,59 418
Partido de Olavarría,Bandera de Provincia de Buenos Aires Buenos Aires,7715,111 708
Departamento Caucete,Bandera de Provincia de San Juan San Juan,7502,38 343
Departamento Santo Tomé,Bandera de Provincia de Corrientes Corrientes,7359,61 643
Departamento Pellegrini,Bandera de Provincia de Santiago del Estero Santiago del Estero,7330,20 514
Partido de General Villegas,Bandera de Provincia de Buenos Aires Buenos Aires,7232,30 865
Departamento Confluencia,Bandera de Provincia del Neuquén Neuquén,7209,362 673
Departamento Gualeguay,Bandera de Provincia de Entre Ríos Entre Ríos,7178,51 883
Departamento Independencia,Bandera de Provincia de La Rioja (Argentina) La Rioja,7120,2427
Departamento La Paz,Bandera de Provincia de Mendoza Mendoza,7105,9867
Departamento Gualeguaychú,Bandera de Provincia de Entre Ríos Entre Ríos,7086,109 461
Departamento San Javier,Bandera de Provincia de Santa Fe Santa Fe,6929,30 668
Departamento Victoria,Bandera de Provincia de Entre Ríos Entre Ríos,6822,35 767
Departamento Río Seco,Bandera de Provincia de Córdoba (Argentina) Córdoba,6754,13 242
Departamento Villaguay,Bandera de Provincia de Entre Ríos Entre Ríos,6753,48 965
Departamento Río Primero,Bandera de Provincia de Córdoba (Argentina) Córdoba,6753,46 675
Partido de Ayacucho,Bandera de Provincia de Buenos Aires Buenos Aires,6749,20 337
Departamento Figueroa,Bandera de Provincia de Santiago del Estero Santiago del Estero,6695,17 820
Departamento Cruz del Eje,Bandera de Provincia de Córdoba (Argentina) Córdoba,6653,58 759
Departamento Belgrano,Bandera de Provincia de San Luis San Luis,6626,3945
Partido de Azul,Bandera de Provincia de Buenos Aires Buenos Aires,6615,65 280
Departamento Castellanos,Bandera de Provincia de Santa Fe Santa Fe,6600,181 381
Departamento La Paz,Bandera de Provincia de Entre Ríos Entre Ríos,6500,66 903
Departamento Choya,Bandera de Provincia de Santiago del Estero Santiago del Estero,6492,34 667
Departamento Las Colonias,Bandera de Provincia de Santa Fe Santa Fe,6439,106 761
Departamento Valle Fértil,Bandera de Provincia de San Juan San Juan,6419,7222
Departamento Rinconada,Bandera de Provincia de Jujuy Jujuy,6407,2488
Departamento San Martín,Bandera de Provincia de Corrientes Corrientes,6385,13 222
Partido de Puan,Bandera de Provincia de Buenos Aires Buenos Aires,6385,15 743
Departamento Famatina,Bandera de Provincia de La Rioja (Argentina) La Rioja,6371,5863
Departamento Ojo de Agua,Bandera de Provincia de Santiago del Estero Santiago del Estero,6269,14 008
Departamento Formosa,Bandera de Provincia de Formosa Formosa,6195,234 354
Departamento General Lamadrid*,Bandera de Provincia de La Rioja (Argentina) La Rioja,6179,1734
Departamento Rosario Vera Peñaloza,Bandera de Provincia de La Rioja (Argentina) La Rioja,6114,14 054
Departamento Minas,Bandera de Provincia del Neuquén Neuquén,6055,7234
Departamento Hucal,Bandera de la provincia de La Pampa La Pampa,6047,7540
Departamento General Taboada,Bandera de Provincia de Santiago del Estero Santiago del Estero,6040,38 105
Departamento Tapenagá,Bandera de Provincia del Chaco Chaco,6025,4102
Partido de Coronel Suárez,Bandera de Provincia de Buenos Aires Buenos Aires,5985,38 320
Departamento Picunches,Bandera de Provincia del Neuquén Neuquén,5980,7022
Partido de Adolfo Alsina,Bandera de Provincia de Buenos Aires Buenos Aires,5878,17 072
Partido de Tres Arroyos,Bandera de Provincia de Buenos Aires Buenos Aires,5861,57 110
Departamento Uruguay,Bandera de Provincia de Entre Ríos Entre Ríos,5855,100 728
Partido de Coronel Dorrego,Bandera de Provincia de Buenos Aires Buenos Aires,5818,15 825
Partido de Lincoln,Bandera de Provincia de Buenos Aires Buenos Aires,5782,41 808
Departamento Collón Curá,Bandera de Provincia del Neuquén Neuquén,5768,4532
Departamento Santa María,Bandera de Provincia de Catamarca Catamarca,5740,22 548
Departamento San Justo,Bandera de Provincia de Santa Fe Santa Fe,5575,40 735
Departamento Chamical,Bandera de Provincia de La Rioja (Argentina) La Rioja,5549,14 160
Departamento Ñorquín,Bandera de Provincia del Neuquén Neuquén,5560,4692
Departamento Loncopué,Bandera de Provincia del Neuquén Neuquén,5500,6925
Partido de Trenque Lauquen,Bandera de Provincia de Buenos Aires Buenos Aires,5500,43 021
Departamento Bariloche,Bandera de la provincia de Río Negro Río Negro,5415,133 500
Departamento Catán Lil,Bandera de Provincia del Neuquén Neuquén,5413,2155
Departamento Rosario de la Frontera,Bandera de Provincia de Salta Salta,5402,28 993
Departamento Zapala,Bandera de Provincia del Neuquén Neuquén,5386,36 549
Departamento Pilcomayo,Bandera de Provincia de Formosa Formosa,5342,85 024
Partido de Benito Juárez,Bandera de Provincia de Buenos Aires Buenos Aires,5285,20 239
Partido de Coronel Pringles,Bandera de Provincia de Buenos Aires Buenos Aires,5257,22 933
Departamento Metán,Bandera de Provincia de Salta Salta,5235,40 351
Departamento Tercero Arriba,Bandera de Provincia de Córdoba (Argentina) Córdoba,5187,109 554
Departamento San Carlos,Bandera de Provincia de Salta Salta,5125,7016
Departamento Ischilín,Bandera de Provincia de Córdoba (Argentina) Córdoba,5123,31 312
Departamento Rosario de Lerma,Bandera de Provincia de Salta Salta,5110,38 702
Departamento Toay,Bandera de la provincia de La Pampa La Pampa,5092,12 409
Departamento Federal,Bandera de Provincia de Entre Ríos Entre Ríos,5060,25 863
Departamento Conhelo,Bandera de la provincia de La Pampa La Pampa,5052,14 077
Departamento General San Martín*,Bandera de Provincia de La Rioja (Argentina) La Rioja,5034,4944
Partido de Bolívar,Bandera de Provincia de Buenos Aires Buenos Aires,5027,34 190
Departamento Concepción,Bandera de Provincia de Corrientes Corrientes,5008,20 845
Departamento General San Martín,Bandera de Provincia de Córdoba (Argentina) Córdoba,5006,127 454
Departamento Lácar,Bandera de Provincia del Neuquén Neuquén,4978,29 748
Departamento Paraná,Bandera de Provincia de Entre Ríos Entre Ríos,4974,339 930
Departamento Río Segundo,Bandera de Provincia de Córdoba (Argentina) Córdoba,4970,103 718
Partido de Tandil,Bandera de Provincia de Buenos Aires Buenos Aires,4935,123 871
Departamento Rancul,Bandera de la provincia de La Pampa La Pampa,4933,10 668
Departamento San Martín,Bandera de Provincia de Santa Fe Santa Fe,4860,63 640
Departamento Luján de Cuyo,Bandera de Provincia de Mendoza Mendoza,4847,124 418
Departamento Chilecito,Bandera de Provincia de La Rioja (Argentina) La Rioja,4846,49 432
Partido de Guaminí,Bandera de Provincia de Buenos Aires Buenos Aires,4840,11 826
Departamento Jiménez,Bandera de Provincia de Santiago del Estero Santiago del Estero,4832,14 352
Partido de General La Madrid,Bandera de Provincia de Buenos Aires Buenos Aires,4811,10 783
Partido de Veinticinco de Mayo,Bandera de Provincia de Buenos Aires Buenos Aires,4795,35 842
Partido de Necochea,Bandera de Provincia de Buenos Aires Buenos Aires,4 791 57,92 933
Partido de Lobería,Bandera de Provincia de Buenos Aires Buenos Aires,4755,17 523
Departamento Aluminé,Bandera de Provincia del Neuquén Neuquén,4738,8306
Departamento Paso de los Libres,Bandera de Provincia de Corrientes Corrientes,4700,47 782
Departamento Goya,Bandera de Provincia de Corrientes Corrientes,4678,87 872
Departamento Calamuchita,Bandera de Provincia de Córdoba (Argentina) Córdoba,4642,54 730
Departamento Picún Leufú,Bandera de Provincia del Neuquén Neuquén,4596,4578
Departamento Pomán,Bandera de Provincia de Catamarca Catamarca,4589,10 776
Departamento Chos Malal,Bandera de Provincia del Neuquén Neuquén,4582,15 256
Partido de Pehuajó,Bandera de Provincia de Buenos Aires Buenos Aires,4531,39 776
Departamento Veinticinco de Mayo,Bandera de Provincia de San Juan San Juan,4519,17 119
Departamento Islas del Ibicuy,Bandera de Provincia de Entre Ríos Entre Ríos,4500,12 077
Departamento Andalgalá,Bandera de Provincia de Catamarca Catamarca,4497,18 132
Departamento Coronel Pringles,Bandera de Provincia de San Luis San Luis,4484,13 082
Departamento Santa Bárbara,Bandera de Provincia de Jujuy Jujuy,4448,17 730
Departamento La Poma,Bandera de Provincia de Salta Salta,4447,1738
Departamento Matacos,Bandera de Provincia de Formosa Formosa,4431,14 375
Departamento Ullum,Bandera de Provincia de San Juan San Juan,4391,4886
Partido de Rauch,Bandera de Provincia de Buenos Aires Buenos Aires,4 316 45,15 176
Departamento Capayán,Bandera de Provincia de Catamarca Catamarca,4284,16 085
Partido de Nueve de Julio,Bandera de Provincia de Buenos Aires Buenos Aires,4284,47 722
Departamento San Jerónimo,Bandera de Provincia de Santa Fe Santa Fe,4282,80 155
Departamento Nogoyá,Bandera de Provincia de Entre Ríos Entre Ríos,4282,39 026
Departamento Los Lagos,Bandera de Provincia del Neuquén Neuquén,4203,11 998
Partido de Tornquist,Bandera de Provincia de Buenos Aires Buenos Aires,4184,12 723
Partido de Tapalqué,Bandera de Provincia de Buenos Aires Buenos Aires,4172,9178
Partido de Balcarce,Bandera de Provincia de Buenos Aires Buenos Aires,4115,43 823
Departamento Huiliches,Bandera de Provincia del Neuquén Neuquén,4038,14 725
Departamento Garay,Bandera de Provincia de Santa Fe Santa Fe,3964,20 889
Partido de Rivadavia,Bandera de Provincia de Buenos Aires Buenos Aires,3940,17 143
Partido de Carlos Tejedor,Bandera de Provincia de Buenos Aires Buenos Aires,3933,11 570
Departamento Rawson,Bandera de Provincia del Chubut Chubut,3922,131 313
Departamento Santa Victoria,Bandera de Provincia de Salta Salta,3912,10 344
Departamento Avellaneda,Bandera de Provincia de Santiago del Estero Santiago del Estero,3902,20 763
Partido de Adolfo Gonzales Chaves,Bandera de Provincia de Buenos Aires Buenos Aires,3859,12 047
Partido de Daireaux,Bandera de Provincia de Buenos Aires Buenos Aires,3820,16 889
Departamento Ramón Lista,Bandera de Provincia de Formosa Formosa,3800,13 754
Departamento de Humahuaca,Bandera de Provincia de Jujuy Jujuy,3792,17 366
Departamento Federación,Bandera de Provincia de Entre Ríos Entre Ríos,3760,68 736
Departamento Minas,Bandera de Provincia de Córdoba (Argentina) Córdoba,3730,4727
Departamento Esquina,Bandera de Provincia de Corrientes Corrientes,3723,30 747
Departamento Mayor Luis Jorge Fontana,Bandera de Provincia del Chaco Chaco,3708,56 066
Departamento Aguirre,Bandera de Provincia de Santiago del Estero Santiago del Estero,3692,7610
Departamento Mitre,Bandera de Provincia de Santiago del Estero Santiago del Estero,3667,1890
Departamento Burruyacú,Bandera de Tucumán Tucumán,3605,36 951
Departamento Molinos,Bandera de Provincia de Salta Salta,3600,5652
Departamento Banda,Bandera de Provincia de Santiago del Estero Santiago del Estero,3597,142 279
Departamento Atreucó,Bandera de la provincia de La Pampa La Pampa,3580,10 153
Departamento Salavina,Bandera de Provincia de Santiago del Estero Santiago del Estero,3562,11 217
Departamento Guatraché,Bandera de la provincia de La Pampa La Pampa,3525,8831
Departamento Iruya,Bandera de Provincia de Salta Salta,3515,5987
Departamento Quebrachos,Bandera de Provincia de Santiago del Estero Santiago del Estero,3507,10 568
Partido de Saavedra,Bandera de Provincia de Buenos Aires Buenos Aires,3500,20 749
Partido de Pila,Bandera de Provincia de Buenos Aires Buenos Aires,3493,3640
Departamento San Fernando,Bandera de Provincia del Chaco Chaco,3489,386 391
Departamento Laishí,Bandera de Provincia de Formosa Formosa,3480,17 063
Partido de Laprida,Bandera de Provincia de Buenos Aires Buenos Aires,3454,10 210
Departamento Caseros,Bandera de Provincia de Santa Fe Santa Fe,3449,79 491
Departamento de Tumbaya,Bandera de Provincia de Jujuy Jujuy,3442,4658
Partido de General Alvear,Bandera de Provincia de Buenos Aires Buenos Aires,3432,11 130
Departamento Santa María,Bandera de Provincia de Córdoba (Argentina) Córdoba,3427,98 188
Departamento San Pedro,Bandera de Provincia de Misiones Misiones,3407,31 051
Departamento Rivadavia,Bandera de Provincia de Santiago del Estero Santiago del Estero,3402,5015
Partido de Las Flores,Bandera de Provincia de Buenos Aires Buenos Aires,3340,23 871
Departamento Loreto,Bandera de Provincia de Santiago del Estero Santiago del Estero,3337,20 036
Departamento San Alberto,Bandera de Provincia de Córdoba (Argentina) Córdoba,3327,37 004
Departamento Tunuyán,Bandera de Provincia de Mendoza Mendoza,3317,49 132
Departamento Guaraní,Bandera de Provincia de Misiones Misiones,3314,67 897
Departamento Belgrano,Bandera de Provincia de Santiago del Estero Santiago del Estero,3314,9243
Departamento Sobremonte,Bandera de Provincia de Córdoba (Argentina) Córdoba,3307,4591
Departamento General Manuel Belgrano,Bandera de Provincia de Misiones Misiones,3275,42 902
Departamento Concordia,Bandera de Provincia de Entre Ríos Entre Ríos,3259,170 033
Departamento Ledesma,Bandera de Provincia de Jujuy Jujuy,3249,81 790
Departamento Constitución,Bandera de Provincia de Santa Fe Santa Fe,3225,85 483
Departamento Pocho,Bandera de Provincia de Córdoba (Argentina) Córdoba,3207,5380
Departamento Iriondo,Bandera de Provincia de Santa Fe Santa Fe,3184,66 702
Departamento Totoral,Bandera de Provincia de Córdoba (Argentina) Córdoba,3145,18 556
Departamento Feliciano,Bandera de Provincia de Entre Ríos Entre Ríos,3143,15 079
Partido de Chascomús,Bandera de Provincia de Buenos Aires Buenos Aires,3123,42 27713​
Partido de Mar Chiquita,Bandera de Provincia de Buenos Aires Buenos Aires,3117,21 279
Departamento General Ángel V. Peñaloza*,Bandera de Provincia de La Rioja (Argentina) La Rioja,3106,3073
Departamento La Capital,Bandera de Provincia de Santa Fe Santa Fe,3055,521 759
Departamento Pilagás,Bandera de Provincia de Formosa Formosa,3041,18 399
Departamento Libertador General San Martín,Bandera de Provincia de San Luis San Luis,3021,4668
Partido de San Cayetano,Bandera de Provincia de Buenos Aires Buenos Aires,3004,8399
Partido de General Madariaga,Bandera de Provincia de Buenos Aires Buenos Aires,2964,19 747
Departamento de Santa Catalina,Bandera de Provincia de Jujuy Jujuy,2960,2800
Partido de Pergamino,Bandera de Provincia de Buenos Aires Buenos Aires,2950,104 590
Departamento de Yavi,Bandera de Provincia de Jujuy Jujuy,2942,20 806
Departamento Cachi,Bandera de Provincia de Salta Salta,2925,7315
Departamento Colón,Bandera de Provincia de Entre Ríos Entre Ríos,2890,62 160
Departamento San Miguel,Bandera de Provincia de Corrientes Corrientes,2863,10 715
Departamento Trancas,Bandera de Tucumán Tucumán,2862,17 371
Departamento Maipú,Bandera de Provincia del Chaco Chaco,2855,25 262
Departamento Guachipas,Bandera de Provincia de Salta Salta,2785,3187
Departamento Sarmiento,Bandera de Provincia de San Juan San Juan,2782,22 131
Departamento Diamante,Bandera de Provincia de Entre Ríos Entre Ríos,2774,46 361
Departamento Iguazú,Bandera de Provincia de Misiones Misiones,2769,82 227
Departamento Tafí del Valle,Bandera de Tucumán Tucumán,2741,14 933
Partido de Saladillo,Bandera de Provincia de Buenos Aires Buenos Aires,2736,32 103
Departamento Tala,Bandera de Provincia de Entre Ríos Entre Ríos,2663,26 665
Departamento Chacabuco,Bandera de Provincia de San Luis San Luis,2651,20 644
Partido de General Lavalle,Bandera de Provincia de Buenos Aires Buenos Aires,2649,3700
Partido de Maipú,Bandera de Provincia de Buenos Aires Buenos Aires,2640,10 188
Departamento Punilla,Bandera de Provincia de Córdoba (Argentina) Córdoba,2592,178 401
Departamento Colón,Bandera de Provincia de Córdoba (Argentina) Córdoba,2588,225 151
Departamento Guasayán,Bandera de Provincia de Santiago del Estero Santiago del Estero,2588,7602
Departamento General Juan Facundo Quiroga*,Bandera de Provincia de La Rioja (Argentina) La Rioja,2585,4108
Departamento 12 de Octubre,Bandera de Provincia del Chaco Chaco,2576,22 225
Departamento Chapaleufú,Bandera de la provincia de La Pampa La Pampa,2570,11 620
Departamento Bermejo,Bandera de Provincia del Chaco Chaco,2562,24 329
Departamento Quemú Quemú,Bandera de la provincia de La Pampa La Pampa,2557,8663
Departamento General Belgrano,Bandera de Provincia de La Rioja (Argentina) La Rioja,2556,7370
Departamento Maracó,Bandera de la provincia de La Pampa La Pampa,2555,59 024
Departamento Catriló,Bandera de la provincia de La Pampa La Pampa,2555,7293
Departamento Capital,Bandera de la provincia de La Pampa La Pampa,2525,105 312
Partido de General Pinto,Bandera de Provincia de Buenos Aires Buenos Aires,2540,11 261
Partido de Carlos Casares,Bandera de Provincia de Buenos Aires Buenos Aires,2520,22 237
Departamento Tupungato,Bandera de Provincia de Mendoza Mendoza,2485,32 865
Departamento Junín,Bandera de Provincia de San Luis San Luis,2476,28 808
Departamento Realicó,Bandera de la provincia de La Pampa La Pampa,2450,16 227
Departamento Ancasti,Bandera de Provincia de Catamarca Catamarca,2412,2917
Departamento Belgrano,Bandera de Provincia de Santa Fe Santa Fe,2386,44 048
Departamento San Luis del Palmar,Bandera de Provincia de Corrientes Corrientes,2385,17 812
Departamento General Güemes,Bandera de Provincia de Salta Salta,2365,47 226
Departamento 25 de Mayo,Bandera de Provincia del Chaco Chaco,2358,29 315
Departamento Zonda,Bandera de Provincia de San Juan San Juan,2348,4863
Partido de General Guido,Bandera de Provincia de Buenos Aires Buenos Aires,2340,2816
Departamento El Alto,Bandera de Provincia de Catamarca Catamarca,2327,3570
Partido de Bahía Blanca,Bandera de Provincia de Buenos Aires Buenos Aires,2300,301 572
Departamento Monte Caseros,Bandera de Provincia de Corrientes Corrientes,2287,35 922
Departamento Presidencia de la Plaza,Bandera de Provincia del Chaco Chaco,2284,12 419
Partido de Chacabuco,Bandera de Provincia de Buenos Aires Buenos Aires,2278,48 703
Partido de Junín,Bandera de Provincia de Buenos Aires Buenos Aires,2263,90 305
Departamento Atamisqui,Bandera de Provincia de Santiago del Estero Santiago del Estero,2259,10 923
Departamento San Roque,Bandera de Provincia de Corrientes Corrientes,2243,18 223
Partido de Bragado,Bandera de Provincia de Buenos Aires Buenos Aires,2212,41 336
Departamento Fray Justo Santa María de Oro,Bandera de Provincia del Chaco Chaco,2205,11 799
Departamento La Viña,Bandera de Provincia de Salta Salta,2152,7435
Departamento San Pedro,Bandera de Provincia de Jujuy Jujuy,2150,75 037
Partido de General Viamonte,Bandera de Provincia de Buenos Aires Buenos Aires,2150,18 078
Departamento Rivadavia,Bandera de Provincia de Mendoza Mendoza,2141,56 269
Departamento San Lorenzo,Bandera de Provincia del Chaco Chaco,2135,14 722
Departamento General Ocampo*,Bandera de Provincia de La Rioja (Argentina) La Rioja,2135,7145
Departamento Río Hondo,Bandera de Provincia de Santiago del Estero Santiago del Estero,2124,54 867
Departamento Capital,Bandera de Provincia de Santiago del Estero Santiago del Estero,2116,267 125
Partido de Castelli,Bandera de Provincia de Buenos Aires Buenos Aires,2100,8205
Departamento San Martín,Bandera de Provincia de Santiago del Estero Santiago del Estero,2097,9831
Departamento 9 de Julio,Bandera de Provincia del Chaco Chaco,2097,30 153
Partido de Chivilcoy,Bandera de Provincia de Buenos Aires Buenos Aires,2075,64 185
Partido de Rojas,Bandera de Provincia de Buenos Aires Buenos Aires,2050,23 432
Departamento Leales,Bandera de Tucumán Tucumán,2027,54 949
Departamento Arauco,Bandera de Provincia de La Rioja (Argentina) La Rioja,1992,15 418
Departamento Ambato,Bandera de Provincia de Catamarca Catamarca,1979,4463
Partido de Dolores,Bandera de Provincia de Buenos Aires Buenos Aires,1980,27 042
Departamento Eldorado,Bandera de Provincia de Misiones Misiones,1960,78 221
Departamento General Paz,Bandera de Provincia de Corrientes Corrientes,1954,14 403
Departamento Trenel,Bandera de la provincia de La Pampa La Pampa,1955,5426
Departamento General Alvear,Bandera de Provincia de Corrientes Corrientes,1954,8001
Departamento Empedrado,Bandera de Provincia de Corrientes Corrientes,1937,15 011
Departamento Doctor Manuel Belgrano,Bandera de Provincia de Jujuy Jujuy,1917,265 409
Departamento Saladas,Bandera de Provincia de Corrientes Corrientes,1907,22 128
Departamento Rosario,Bandera de Provincia de Santa Fe Santa Fe,1890,1 198 528
Partido de Monte,Bandera de Provincia de Buenos Aires Buenos Aires,1890,21 034
Departamento Independencia,Bandera de Provincia del Chaco Chaco,1871,22 479
Partido de General Belgrano,Bandera de Provincia de Buenos Aires Buenos Aires,1870,17 365
Departamento San Lorenzo,Bandera de Provincia de Santa Fe Santa Fe,1867,159 184
Departamento Primero de Mayo,Bandera de Provincia del Chaco Chaco,1864,10 375
Departamento Angaco,Bandera de Provincia de San Juan San Juan,1865,8125
Departamento de Tilcara,Bandera de Provincia de Jujuy Jujuy,1845,12 359
Partido de Florentino Ameghino,Bandera de Provincia de Buenos Aires Buenos Aires,1825,8869
Partido de Pellegrini,Bandera de Provincia de Buenos Aires Buenos Aires,1820,5887
Partido de Magdalena,Bandera de Provincia de Buenos Aires Buenos Aires,1785,19 301
Departamento Sauce,Bandera de Provincia de Corrientes Corrientes,1760,9273
Partido de Lobos,Bandera de Provincia de Buenos Aires Buenos Aires,1725,36 172
Departamento Montecarlo,Bandera de Provincia de Misiones Misiones,1723,36 745
Departamento Capital,Bandera de Provincia de Salta Salta,1722,536 113
Departamento Sanagasta,Bandera de Provincia de La Rioja (Argentina) La Rioja,1711,2345
Departamento Bella Vista,Bandera de Provincia de Corrientes Corrientes,1695,37 212
Departamento Graneros,Bandera de Tucumán Tucumán,1678,13 551
Partido de Hipólito Yrigoyen,Bandera de Provincia de Buenos Aires Buenos Aires,1663,9585
Departamento San Javier,Bandera de Provincia de Córdoba (Argentina) Córdoba,1652,53 520
Departamento Sargento Cabral,Bandera de Provincia del Chaco Chaco,1651,15 727
Departamento 25 de Mayo,Bandera de Provincia de Misiones Misiones,1639,27 754
Partido de Navarro,Bandera de Provincia de Buenos Aires Buenos Aires,1630,17 054
Partido de Salto,Bandera de Provincia de Buenos Aires Buenos Aires,1630,32 653
Departamento Oberá,Bandera de Provincia de Misiones Misiones,1620,107 501
Partido de Punta Indio,Bandera de Provincia de Buenos Aires Buenos Aires,1610,9888
Departamento Cainguás,Bandera de Provincia de Misiones Misiones,1608,53 403
Departamento San Ignacio,Bandera de Provincia de Misiones Misiones,1607,57 728
Partido de Leandro N. Alem,Bandera de Provincia de Buenos Aires Buenos Aires,1603,16 799
Partido de Roque Pérez,Bandera de Provincia de Buenos Aires Buenos Aires,1600,12 513
Partido de General Alvarado,Bandera de Provincia de Buenos Aires Buenos Aires,1599,39 594
Departamento Dos de Abril,Bandera de Provincia del Chaco Chaco,1594,7455
Departamento San Blas de los Sauces*,Bandera de Provincia de La Rioja (Argentina) La Rioja,1590,3927
Departamento O'Higgins,Bandera de Provincia del Chaco Chaco,1580,20 078
Departamento Cafayate,Bandera de Provincia de Salta Salta,1570,14 850
Departamento Sarmiento,Bandera de Provincia de Santiago del Estero Santiago del Estero,1549,4607
Departamento Quitilipi,Bandera de Provincia del Chaco Chaco,1545,34 117
Departamento La Candelaria,Bandera de Provincia de Salta Salta,1525,5704
Departamento Libertador General San Martín,Bandera de Provincia de Misiones Misiones,1524,46 561
Partido de General Arenales,Bandera de Provincia de Buenos Aires Buenos Aires,1522,14 903
Partido de Baradero,Bandera de Provincia de Buenos Aires Buenos Aires,1514,42 921
Departamento San Martín,Bandera de Provincia de Mendoza Mendoza,1504,118 561
Departamento Comandante Fernández,Bandera de Provincia del Chaco Chaco,1500,97 311
Departamento General Donovan,Bandera de Provincia del Chaco Chaco,1487,13 665
Departamento Lavalle,Bandera de Provincia de Corrientes Corrientes,1480,28 601
Partido de General Pueyrredón,Bandera de Provincia de Buenos Aires Buenos Aires,1460,618 989
Departamento Santa Rosa,Bandera de Provincia de Catamarca Catamarca,1424,12 034
Departamento Robles,Bandera de Provincia de Santiago del Estero Santiago del Estero,1424,44 415
Departamento Castro Barros*,Bandera de Provincia de La Rioja (Argentina) La Rioja,1420,4268
Departamento Chacabuco,Bandera de Provincia del Chaco Chaco,1378,30 564
Partido de Tordillo,Bandera de Provincia de Buenos Aires Buenos Aires,1330,1764
Partido de San Pedro,Bandera de Provincia de Buenos Aires Buenos Aires,1322,59 036
Partido de Coronel Rosales,Bandera de Provincia de Buenos Aires Buenos Aires,1312,62 152
Departamento San Salvador,Bandera de Provincia de Entre Ríos Entre Ríos,1282,17 357
Partido de Tres Lomas,Bandera de Provincia de Buenos Aires Buenos Aires,1270,8700
Departamento Chicligasta,Bandera de Tucumán Tucumán,1267,80 735
Departamento Simoca,Bandera de Tucumán Tucumán,1261,30 876
Departamento Cruz Alta,Bandera de Tucumán Tucumán,1255,180 499
Departamento General Belgrano,Bandera de Provincia del Chaco Chaco,1218,12 090
Departamento Tafí Viejo,Bandera de Tucumán Tucumán,1210,121 638
Partido de Cañuelas,Bandera de Provincia de Buenos Aires Buenos Aires,1203,51 892
Partido de Zárate,Bandera de Provincia de Buenos Aires Buenos Aires,1202,114 269
Partido de General Paz,Bandera de Provincia de Buenos Aires Buenos Aires,1197,11 202
Departamento Leandro N. Alem,Bandera de Provincia de Misiones Misiones,1185,45 075
Partido de Arrecifes,Bandera de Provincia de Buenos Aires Buenos Aires,1180,29 044
Departamento Silípica,Bandera de Provincia de Santiago del Estero Santiago del Estero,1179,7712
Departamento Monteros,Bandera de Tucumán Tucumán,1169,63 641
Partido de San Andrés de Giles,Bandera de Provincia de Buenos Aires Buenos Aires,1132,23 027
Partido de Alberti,Bandera de Provincia de Buenos Aires Buenos Aires,1130,10 654
Partido de Brandsen,Bandera de Provincia de Buenos Aires Buenos Aires,1126,26 367
Partido de Lezama,Bandera de Provincia de Buenos Aires Buenos Aires,110214​,s/d15​
Departamento Libertad,Bandera de Provincia del Chaco Chaco,1088,11 947
Partido de Carmen de Areco,Bandera de Provincia de Buenos Aires Buenos Aires,1080,14 692
Departamento Apóstoles,Bandera de Provincia de Misiones Misiones,1068,42 249
Partido de Mercedes,Bandera de Provincia de Buenos Aires Buenos Aires,1050,63 284
Partido de Ramallo,Bandera de Provincia de Buenos Aires Buenos Aires,1040,33 042
Partido de Colón,Bandera de Provincia de Buenos Aires Buenos Aires,1022,24 890
Departamento Paclín,Bandera de Provincia de Catamarca Catamarca,985,4185
Departamento Capital,Bandera de Provincia de Misiones Misiones,965,324 756
Departamento de Valle Grande,Bandera de Provincia de Jujuy Jujuy,962,2451
Departamento Mburucuyá,Bandera de Provincia de Corrientes Corrientes,957,9283
Partido de Campana,Bandera de Provincia de Buenos Aires Buenos Aires,955,94 461
Departamento Albardón,Bandera de Provincia de San Juan San Juan,945,23 888
Partido de Suipacha,Bandera de Provincia de Buenos Aires Buenos Aires,943,10 081
Partido de La Plata,Bandera de Provincia de Buenos Aires Buenos Aires,926,654 324
Partido de San Fernando,Bandera de Provincia de Buenos Aires Buenos Aires,924,163 240
Departamento La Cocha,Bandera de Tucumán Tucumán,917,19 002
Departamento El Carmen,Bandera de Provincia de Jujuy Jujuy,912,97 039
Departamento Chicoana,Bandera de Provincia de Salta Salta,910,20 710
Departamento Candelaria,Bandera de Provincia de Misiones Misiones,875,27 040
Departamento Itatí,Bandera de Provincia de Corrientes Corrientes,870,9141
Departamento La Caldera,Bandera de Provincia de Salta Salta,867,7763
Partido de San Antonio de Areco,Bandera de Provincia de Buenos Aires Buenos Aires,857,23 138
Departamento Berón de Astrada,Bandera de Provincia de Corrientes Corrientes,810,2434
Partido de Luján,Bandera de Provincia de Buenos Aires Buenos Aires,800,106 273
Partido de Salliqueló,Bandera de Provincia de Buenos Aires Buenos Aires,797,8644
Partido de General Las Heras,Bandera de Provincia de Buenos Aires Buenos Aires,760,14 889
Departamento Juan Bautista Alberdi,Bandera de Tucumán Tucumán,730,30 237
Departamento Concepción,Bandera de Provincia de Misiones Misiones,726,9577
Departamento San Antonio,Bandera de Provincia de Jujuy Jujuy,690,4466
Departamento Capital,Bandera de Provincia de Catamarca Catamarca,684,159 703
Partido de San Nicolás,Bandera de Provincia de Buenos Aires Buenos Aires,680,145 857
Partido de San Vicente,Bandera de Provincia de Buenos Aires Buenos Aires,666,59 478
Partido de Exaltación de la Cruz,Bandera de Provincia de Buenos Aires Buenos Aires,662,29 805
Departamento Cerrillos,Bandera de Provincia de Salta Salta,640,35 789
Departamento Maipú,Bandera de Provincia de Mendoza Mendoza,617,172 861
Departamento San Cosme,Bandera de Provincia de Corrientes Corrientes,591,14 155
Departamento Río Chico,Bandera de Tucumán Tucumán,585,56 847
Departamento Capital,Bandera de Provincia de Córdoba (Argentina) Córdoba,576,1 329 604
Departamento Lules,Bandera de Tucumán Tucumán,540,68 474
Departamento Valle Viejo,Bandera de Provincia de Catamarca Catamarca,540,27 242
Departamento San Javier,Bandera de Provincia de Misiones Misiones,536,20 906
Partido de Capitán Sarmiento,Bandera de Provincia de Buenos Aires Buenos Aires,525,14 494
Departamento Pocito,Bandera de Provincia de San Juan San Juan,515,53 162
Departamento Capital,Bandera de Provincia de Corrientes Corrientes,500,356 314
Partido de Marcos Paz,Bandera de Provincia de Buenos Aires Buenos Aires,470,54 181
Departamento Palpalá,Bandera de Provincia de Jujuy Jujuy,467,52 631
Departamento San Martín,Bandera de Provincia de San Juan San Juan,435,11 115
Departamento Famaillá,Bandera de Tucumán Tucumán,427,34 542
Partido de Tigre,Bandera de Provincia de Buenos Aires Buenos Aires,368,376 381
Partido de General Rodríguez,Bandera de Provincia de Buenos Aires Buenos Aires,360,87 185
Partido del Pilar,Bandera de Provincia de Buenos Aires Buenos Aires,352,299 077
Partido de La Matanza,Bandera de Provincia de Buenos Aires Buenos Aires,325,1 775 816
Departamento Rawson,Bandera de Provincia de San Juan San Juan,300,114 368
Partido de Villa Gesell,Bandera de Provincia de Buenos Aires Buenos Aires,285,31 730
Departamento Fray Mamerto Esquiú,Bandera de Provincia de Catamarca Catamarca,280,11 896
Partido de Escobar,Bandera de Provincia de Buenos Aires Buenos Aires,277,393 619
Departamento Junín,Bandera de Provincia de Mendoza Mendoza,263,37 807
Partido de La Costa,Bandera de Provincia de Buenos Aires Buenos Aires,226,69 933
Partido de Ezeiza,Bandera de Provincia de Buenos Aires Buenos Aires,223,163 722
Partido de Berazategui,Bandera de Provincia de Buenos Aires Buenos Aires,217,324 244
Partido de Monte Hermoso,Bandera de Provincia de Buenos Aires Buenos Aires,209,6499
Partido de Florencio Varela,Bandera de Provincia de Buenos Aires Buenos Aires,190,426 005
Partido de Moreno,Bandera de Provincia de Buenos Aires Buenos Aires,186,452 505
Departamento Nueve de Julio,Bandera de Provincia de San Juan San Juan,185,9307
Departamento Rivadavia,Bandera de Provincia de San Juan San Juan,175,82 641
Partido de Merlo,Bandera de Provincia de Buenos Aires Buenos Aires,170,528 494
Departamento Guaymallén,Bandera de Provincia de Mendoza Mendoza,164,280 880
Departamento Yerba Buena,Bandera de Tucumán Tucumán,160,75 076
Partido de Berisso,Bandera de Provincia de Buenos Aires Buenos Aires,135,88 470
Partido de Almirante Brown,Bandera de Provincia de Buenos Aires Buenos Aires,129,552 902
Partido de Quilmes,Bandera de Provincia de Buenos Aires Buenos Aires,125,582 943
Partido de Presidente Perón,Bandera de Provincia de Buenos Aires Buenos Aires,121,81 141
Partido de Esteban Echeverría,Bandera de Provincia de Buenos Aires Buenos Aires,120,300 959
Partido de Ensenada,Bandera de Provincia de Buenos Aires Buenos Aires,101,56 729
Departamento Capital,Bandera de Tucumán Tucumán,91,548 866
Partido de Lomas de Zamora,Bandera de Provincia de Buenos Aires Buenos Aires,89,616 279
Partido de San Miguel,Bandera de Provincia de Buenos Aires Buenos Aires,82,276 190
Departamento Godoy Cruz,Bandera de Provincia de Mendoza Mendoza,75,189 578
Partido de Malvinas Argentinas,Bandera de Provincia de Buenos Aires Buenos Aires,63,322 375
Partido de Pinamar,Bandera de Provincia de Buenos Aires Buenos Aires,63,25 728
Departamento Chimbas,Bandera de Provincia de San Juan San Juan,62,87 258
Partido de General San Martín,Bandera de Provincia de Buenos Aires Buenos Aires,56,414 196
Partido de Morón,Bandera de Provincia de Buenos Aires Buenos Aires,55,321 109
Partido de Avellaneda,Bandera de Provincia de Buenos Aires Buenos Aires,54,342 677
Departamento Capital,Bandera de Provincia de Mendoza Mendoza,54,114 822
Partido de José C. Paz,Bandera de Provincia de Buenos Aires Buenos Aires,50,265 981
Partido de San Isidro,Bandera de Provincia de Buenos Aires Buenos Aires,48,292 878
Partido de Lanús,Bandera de Provincia de Buenos Aires Buenos Aires,48,459 263
Departamento Santa Lucía,Bandera de Provincia de San Juan San Juan,45,48 087
Partido de Tres de Febrero,Bandera de Provincia de Buenos Aires Buenos Aires,39,340 071
Partido de Ituzaingó,Bandera de Provincia de Buenos Aires Buenos Aires,38,167 824
Partido de Hurlingham,Bandera de Provincia de Buenos Aires Buenos Aires,35,181 241
Partido de Vicente López,Bandera de Provincia de Buenos Aires Buenos Aires,33,269 420
Departamento Capital,Bandera de Provincia de San Juan San Juan,30,109 123
